1,dname_1,loc_1
2,dname_2,loc_2
3,dname_3,loc_3
4,dname_4,loc_4
5,dname_5,loc_5
6,dname_6,loc_6
7,dname_7,loc_7
8,dname_8,loc_8
9,dname_9,loc_9
10,dname_10,loc_10
11,dname_11,loc_11
12,dname_12,loc_12
13,dname_13,loc_13
14,dname_14,loc_14
15,dname_15,loc_15
16,dname_16,loc_16
17,dname_17,loc_17
18,dname_18,loc_18
19,dname_19,loc_19
20,dname_20,loc_20
21,dname_21,loc_21
22,dname_22,loc_22
23,dname_23,loc_23
24,dname_24,loc_24
25,dname_25,loc_25
26,dname_26,loc_26
27,dname_27,loc_27
28,dname_28,loc_28
29,dname_29,loc_29
30,dname_30,loc_30
31,dname_31,loc_31
32,dname_32,loc_32
33,dname_33,loc_33
34,dname_34,loc_34
35,dname_35,loc_35
36,dname_36,loc_36
37,dname_37,loc_37
38,dname_38,loc_38
39,dname_39,loc_39
40,dname_40,loc_40
41,dname_41,loc_41
42,dname_42,loc_42
43,dname_43,loc_43
44,dname_44,loc_44
45,dname_45,loc_45
46,dname_46,loc_46
47,dname_47,loc_47
48,dname_48,loc_48
49,dname_49,loc_49
50,dname_50,loc_50
51,dname_51,loc_51
52,dname_52,loc_52
53,dname_53,loc_53
54,dname_54,loc_54
55,dname_55,loc_55
56,dname_56,loc_56
57,dname_57,loc_57
58,dname_58,loc_58
59,dname_59,loc_59
60,dname_60,loc_60
61,dname_61,loc_61
62,dname_62,loc_62
63,dname_63,loc_63
64,dname_64,loc_64
65,dname_65,loc_65
66,dname_66,loc_66
67,dname_67,loc_67
68,dname_68,loc_68
69,dname_69,loc_69
70,dname_70,loc_70
71,dname_71,loc_71
72,dname_72,loc_72
73,dname_73,loc_73
74,dname_74,loc_74
75,dname_75,loc_75
76,dname_76,loc_76
77,dname_77,loc_77
78,dname_78,loc_78
79,dname_79,loc_79
80,dname_80,loc_80
81,dname_81,loc_81
82,dname_82,loc_82
83,dname_83,loc_83
84,dname_84,loc_84
85,dname_85,loc_85
86,dname_86,loc_86
87,dname_87,loc_87
88,dname_88,loc_88
89,dname_89,loc_89
90,dname_90,loc_90
91,dname_91,loc_91
92,dname_92,loc_92
93,dname_93,loc_93
94,dname_94,loc_94
95,dname_95,loc_95
96,dname_96,loc_96
97,dname_97,loc_97
98,dname_98,loc_98
99,dname_99,loc_99
100,dname_100,loc_100
